{
  "configPath": "/Users/jefedcreator/Documents/Development/sara/next.openapi.json",
  "outputFile": "/Users/jefedcreator/Documents/Development/sara/public/openapi.json",
  "diagnostics": [],
  "performance": {
    "prepareTemplateMs": 28.604618999999957,
    "loadCustomFragmentsMs": 0.00189900000009402,
    "prepareDocumentMs": 28.60651800000005,
    "scanRouteFilesMs": 53.71661599999993,
    "deriveRoutePathMs": 0.6589239999996153,
    "filterRouteCandidatesMs": 0.09512799999970412,
    "sourcePrecheckMs": 3.0836350000001858,
    "readRouteFilesMs": 2.320402000000513,
    "parseRouteFilesMs": 23.920576000000437,
    "analyzeRouteFilesMs": 34.959166999999525,
    "typescriptResponseInferenceMs": 0,
    "processRouteFilesMs": 59.51622499999917,
    "registerRouteMs": 331.8712419999997,
    "getSchemaContentMs": 326.97248599999944,
    "createRequestParamsMs": 1.419503999998824,
    "createRequestBodyMs": 0,
    "processResponsesMs": 0.702872999999272,
    "createResponseSchemaMs": 0,
    "buildOperationsMs": 331.9948250000002,
    "sortAndMergePathsMs": 1.4226960000000872,
    "buildPathsMs": 1.4226960000000872,
    "defaultComponentsAndErrorsMs": 0.374920000000202,
    "mergeSchemasMs": 1.7590700000000652,
    "finalizeDocumentMs": 18.877927999999883,
    "totalMs": 501.40632600000004,
    "scanRoutesMs": 445.2276659999993
  }
}
