{
  "configPath": "/Users/jefedcreator/Documents/Development/sara/next.openapi.json",
  "outputFile": "/Users/jefedcreator/Documents/Development/sara/public/openapi.json",
  "diagnostics": [],
  "performance": {
    "prepareTemplateMs": 0.23489900000004127,
    "loadCustomFragmentsMs": 0.0016439999999420252,
    "prepareDocumentMs": 0.2365429999999833,
    "scanRouteFilesMs": 40.57593799999995,
    "deriveRoutePathMs": 0.5983849999997801,
    "filterRouteCandidatesMs": 0.08416900000042915,
    "sourcePrecheckMs": 2.558859000000666,
    "readRouteFilesMs": 1.6851090000000113,
    "parseRouteFilesMs": 30.686593999999786,
    "analyzeRouteFilesMs": 30.10331499999984,
    "typescriptResponseInferenceMs": 0,
    "processRouteFilesMs": 61.30720599999995,
    "registerRouteMs": 273.13309399999935,
    "getSchemaContentMs": 268.80753999999956,
    "createRequestParamsMs": 1.2564730000001418,
    "createRequestBodyMs": 0,
    "processResponsesMs": 0.5356020000001536,
    "createResponseSchemaMs": 0,
    "buildOperationsMs": 273.2252440000002,
    "sortAndMergePathsMs": 1.2250629999998637,
    "buildPathsMs": 1.2250629999998637,
    "defaultComponentsAndErrorsMs": 0.3368479999999181,
    "mergeSchemasMs": 1.5433510000000297,
    "finalizeDocumentMs": 11.792992999999797,
    "totalMs": 394.81554900000015,
    "scanRoutesMs": 375.1083880000001
  }
}
