{
  "configPath": "/Users/jefedcreator/Documents/Development/sara/next.openapi.json",
  "outputFile": "/Users/jefedcreator/Documents/Development/sara/public/openapi.json",
  "diagnostics": [],
  "performance": {
    "prepareTemplateMs": 1.7560119999998278,
    "loadCustomFragmentsMs": 0.0015510000000631408,
    "prepareDocumentMs": 1.757562999999891,
    "scanRouteFilesMs": 84.43167999999991,
    "deriveRoutePathMs": 0.6964690000002065,
    "filterRouteCandidatesMs": 0.3336150000000089,
    "sourcePrecheckMs": 2.36707199999978,
    "readRouteFilesMs": 1.8147299999998268,
    "parseRouteFilesMs": 41.45183200000065,
    "analyzeRouteFilesMs": 42.26591999999937,
    "typescriptResponseInferenceMs": 0,
    "processRouteFilesMs": 84.21724999999947,
    "registerRouteMs": 342.2592229999998,
    "getSchemaContentMs": 336.89360599999986,
    "createRequestParamsMs": 2.0596359999997276,
    "createRequestBodyMs": 0,
    "processResponsesMs": 0.7309829999999238,
    "createResponseSchemaMs": 0,
    "buildOperationsMs": 342.3582570000001,
    "sortAndMergePathsMs": 1.4345439999999599,
    "buildPathsMs": 1.4345439999999599,
    "defaultComponentsAndErrorsMs": 0.3498250000000098,
    "mergeSchemasMs": 1.5780849999998736,
    "finalizeDocumentMs": 12.121037999999999,
    "totalMs": 534.9230500000001,
    "scanRoutesMs": 511.0071869999995
  }
}
