{
  "configPath": "/Users/jefedcreator/Documents/Development/sara/next.openapi.json",
  "outputFile": "/Users/jefedcreator/Documents/Development/sara/public/openapi.json",
  "diagnostics": [],
  "performance": {
    "prepareTemplateMs": 4.218789000000015,
    "loadCustomFragmentsMs": 0.0012489999999161228,
    "prepareDocumentMs": 4.220037999999931,
    "scanRouteFilesMs": 11.023616999999831,
    "deriveRoutePathMs": 0.7812569999996413,
    "filterRouteCandidatesMs": 0.07586700000047131,
    "sourcePrecheckMs": 7.5349369999996725,
    "readRouteFilesMs": 6.978547000000162,
    "parseRouteFilesMs": 45.59958000000006,
    "analyzeRouteFilesMs": 73.78707099999906,
    "typescriptResponseInferenceMs": 0,
    "processRouteFilesMs": 120.0160529999996,
    "registerRouteMs": 873.7816490000007,
    "getSchemaContentMs": 860.7298719999997,
    "createRequestParamsMs": 2.976138999998966,
    "createRequestBodyMs": 0,
    "processResponsesMs": 1.3315759999977672,
    "createResponseSchemaMs": 0,
    "buildOperationsMs": 873.9121500000003,
    "sortAndMergePathsMs": 3.4000310000001264,
    "buildPathsMs": 3.4000310000001264,
    "defaultComponentsAndErrorsMs": 0.37031900000010864,
    "mergeSchemasMs": 2.2917099999999664,
    "finalizeDocumentMs": 18.661420000000362,
    "totalMs": 1043.396621,
    "scanRoutesMs": 1004.9518199999998
  }
}
